{
  "librosa": {
    "smell_density_mean_to_complexity_delta": [
      [
        0,
        0.1308856423447364,
        0.3700326182619781,
        49
      ],
      [
        1,
        0.1308856423447364,
        0.3700326182619781,
        49
      ],
      [
        2,
        0.14326321493990749,
        0.3313410902824929,
        48
      ],
      [
        3,
        -0.03010038669239488,
        0.8408185629605579,
        47
      ]
    ],
    "smell_density_mean_to_change_intensity": [
      [
        0,
        -0.15045113720842787,
        0.2969978120307771,
        50
      ],
      [
        1,
        -0.22834421999371998,
        0.11454841805046957,
        49
      ],
      [
        2,
        -0.18003561905963508,
        0.22077147551156634,
        48
      ],
      [
        3,
        -0.2080452725724908,
        0.1605308438411883,
        47
      ]
    ],
    "smell_density_mean_to_bugfix_ratio": [
      [
        0,
        -0.6385983261957966,
        6.040831295921148e-07,
        50
      ],
      [
        1,
        -0.5803741642494236,
        1.2358606913560027e-05,
        49
      ],
      [
        2,
        -0.5427437463772774,
        6.737430073486219e-05,
        48
      ],
      [
        3,
        -0.4185762055857362,
        0.0034104402078478477,
        47
      ]
    ],
    "total_smells_found_sum_to_complexity_delta": [
      [
        0,
        0.11717179538718765,
        0.4226708182453065,
        49
      ],
      [
        1,
        0.11717179538718765,
        0.4226708182453065,
        49
      ],
      [
        2,
        0.1240771315420237,
        0.40078185014114687,
        48
      ],
      [
        3,
        -0.0007624200123992741,
        0.9959418672662531,
        47
      ]
    ],
    "total_smells_found_sum_to_change_intensity": [
      [
        0,
        -0.1972723025129312,
        0.16969592114191603,
        50
      ],
      [
        1,
        -0.19467601570190446,
        0.18010944777421586,
        49
      ],
      [
        2,
        -0.23061157416594474,
        0.11480772870376979,
        48
      ],
      [
        3,
        -0.1751441180585524,
        0.23898669908510925,
        47
      ]
    ],
    "total_smells_found_sum_to_bugfix_ratio": [
      [
        0,
        -0.7300142221733662,
        1.793834804371938e-09,
        50
      ],
      [
        1,
        -0.5560561438003147,
        3.35170902073225e-05,
        49
      ],
      [
        2,
        -0.5635725337630558,
        3.0356068137389115e-05,
        48
      ],
      [
        3,
        -0.4569179395825632,
        0.0012441659799806216,
        47
      ]
    ]
  },
  "gensim": {
    "smell_density_mean_to_complexity_delta": [
      [
        0,
        0.077968374762857,
        0.5607350064719963,
        58
      ],
      [
        1,
        0.077968374762857,
        0.5607350064719963,
        58
      ],
      [
        2,
        0.007988712840962673,
        0.9529695124152411,
        57
      ],
      [
        3,
        0.12438614165132972,
        0.361042411023332,
        56
      ]
    ],
    "smell_density_mean_to_change_intensity": [
      [
        0,
        0.04151478852048396,
        0.7548938904654254,
        59
      ],
      [
        1,
        -0.3656757747473714,
        0.004761239311651251,
        58
      ],
      [
        2,
        -0.17223885988150123,
        0.2001357482944866,
        57
      ],
      [
        3,
        -0.19081701628712436,
        0.15891829228074325,
        56
      ]
    ],
    "smell_density_mean_to_bugfix_ratio": [
      [
        0,
        0.013898727538670195,
        0.9167892773757025,
        59
      ],
      [
        1,
        0.16990840163387588,
        0.2022702631989368,
        58
      ],
      [
        2,
        0.021792470116492317,
        0.8721694033918337,
        57
      ],
      [
        3,
        0.025194713718740065,
        0.8537649606685365,
        56
      ]
    ],
    "total_smells_found_sum_to_complexity_delta": [
      [
        0,
        0.15366294173553108,
        0.2494681023484095,
        58
      ],
      [
        1,
        0.15366294173553108,
        0.2494681023484095,
        58
      ],
      [
        2,
        0.07596958955098305,
        0.5743452561170006,
        57
      ],
      [
        3,
        0.22354546550848198,
        0.09768880371798228,
        56
      ]
    ],
    "total_smells_found_sum_to_change_intensity": [
      [
        0,
        0.237708651670919,
        0.06984871884459716,
        59
      ],
      [
        1,
        -0.02790095190794038,
        0.8353053641423661,
        58
      ],
      [
        2,
        -0.0781283310357796,
        0.5634855304666481,
        57
      ],
      [
        3,
        -0.11220567689278857,
        0.4103164952149462,
        56
      ]
    ],
    "total_smells_found_sum_to_bugfix_ratio": [
      [
        0,
        0.2079710789010177,
        0.11396645417841592,
        59
      ],
      [
        1,
        0.41949827283997076,
        0.0010458847319643864,
        58
      ],
      [
        2,
        0.2576879066673788,
        0.05296335078122697,
        57
      ],
      [
        3,
        0.20631811536018552,
        0.1271128306154191,
        56
      ]
    ]
  },
  "scikit-learn": {
    "smell_density_mean_to_complexity_delta": [
      [
        0,
        0.35695399259650973,
        0.004744316732920282,
        61
      ],
      [
        1,
        0.35695399259650973,
        0.004744316732920282,
        61
      ],
      [
        2,
        0.24295637677132545,
        0.06141764269600128,
        60
      ],
      [
        3,
        0.232729398012858,
        0.07609211379018714,
        59
      ]
    ],
    "smell_density_mean_to_change_intensity": [
      [
        0,
        0.7155951751403894,
        6.316803723435329e-11,
        62
      ],
      [
        1,
        0.5955050237969327,
        4.140829590955729e-07,
        61
      ],
      [
        2,
        0.5988330091692138,
        4.321584331848535e-07,
        60
      ],
      [
        3,
        0.5371127995324373,
        1.1549902218258044e-05,
        59
      ]
    ],
    "smell_density_mean_to_bugfix_ratio": [
      [
        0,
        0.012263604542821887,
        0.9246309056238657,
        62
      ],
      [
        1,
        -0.007297726070861975,
        0.9554862895770053,
        61
      ],
      [
        2,
        0.08413448180050015,
        0.522739422105333,
        60
      ],
      [
        3,
        0.15225014611338403,
        0.24966651903092105,
        59
      ]
    ],
    "total_smells_found_sum_to_complexity_delta": [
      [
        0,
        0.31848649508990473,
        0.01236646528544949,
        61
      ],
      [
        1,
        0.31848649508990473,
        0.01236646528544949,
        61
      ],
      [
        2,
        0.1567957321036577,
        0.2315395290731087,
        60
      ],
      [
        3,
        0.25795233714526133,
        0.04855291341794261,
        59
      ]
    ],
    "total_smells_found_sum_to_change_intensity": [
      [
        0,
        0.7488447640386598,
        2.5830886435259066e-12,
        62
      ],
      [
        1,
        0.5483679054935271,
        4.7619739093771884e-06,
        61
      ],
      [
        2,
        0.4213729004699573,
        0.0007997726841374715,
        60
      ],
      [
        3,
        0.4052075571378944,
        0.001454447925323661,
        59
      ]
    ],
    "total_smells_found_sum_to_bugfix_ratio": [
      [
        0,
        -0.07297817958045653,
        0.572965843165375,
        62
      ],
      [
        1,
        -0.024960668440420924,
        0.8485681523206284,
        61
      ],
      [
        2,
        0.10780922214463792,
        0.41226549338369234,
        60
      ],
      [
        3,
        0.182556729369712,
        0.16638810818149943,
        59
      ]
    ]
  },
  "pytorch-lightning": {
    "smell_density_mean_to_complexity_delta": [
      [
        0,
        -0.2976923076923077,
        0.14838393072691372,
        25
      ],
      [
        1,
        -0.2976923076923077,
        0.14838393072691372,
        25
      ],
      [
        2,
        0.03826086956521739,
        0.8591175903218993,
        24
      ],
      [
        3,
        -0.042490118577075096,
        0.8473520965225482,
        23
      ]
    ],
    "smell_density_mean_to_change_intensity": [
      [
        0,
        0.04752136752136752,
        0.8176837503952754,
        26
      ],
      [
        1,
        -0.5515384615384615,
        0.004263828203925808,
        25
      ],
      [
        2,
        -0.5321739130434783,
        0.007432234862799776,
        24
      ],
      [
        3,
        -0.4782608695652174,
        0.020977370019714645,
        23
      ]
    ],
    "smell_density_mean_to_bugfix_ratio": [
      [
        0,
        -0.06666666666666665,
        0.7462587084883725,
        26
      ],
      [
        1,
        0.13615384615384615,
        0.516371228104263,
        25
      ],
      [
        2,
        0.2678260869565217,
        0.20576390509564657,
        24
      ],
      [
        3,
        0.47332015810276684,
        0.022536007800363453,
        23
      ]
    ],
    "total_smells_found_sum_to_complexity_delta": [
      [
        0,
        0.216580115566266,
        0.2984014957796305,
        25
      ],
      [
        1,
        0.216580115566266,
        0.2984014957796305,
        25
      ],
      [
        2,
        0.2778865036337514,
        0.1885908383529302,
        24
      ],
      [
        3,
        0.33308624688713684,
        0.12040486795900862,
        23
      ]
    ],
    "total_smells_found_sum_to_change_intensity": [
      [
        0,
        -0.05094888089508458,
        0.8047744343604677,
        26
      ],
      [
        1,
        -0.09886516820698109,
        0.6382314537201215,
        25
      ],
      [
        2,
        0.15220700512020813,
        0.477700122008505,
        24
      ],
      [
        3,
        0.04941932446396689,
        0.8228147960890208,
        23
      ]
    ],
    "total_smells_found_sum_to_bugfix_ratio": [
      [
        0,
        -0.18156950171335515,
        0.3746997669135278,
        26
      ],
      [
        1,
        -0.09617234261379484,
        0.6474511634542138,
        25
      ],
      [
        2,
        -0.2430963310348467,
        0.25236592406119385,
        24
      ],
      [
        3,
        -0.21744502764145426,
        0.3189262951491782,
        23
      ]
    ]
  },
  "yolov5": {
    "smell_density_mean_to_complexity_delta": [
      [
        0,
        -0.43458646616541347,
        0.05551879139596901,
        20
      ],
      [
        1,
        -0.43458646616541347,
        0.05551879139596901,
        20
      ],
      [
        2,
        -0.1280701754385965,
        0.6013177937232191,
        19
      ],
      [
        3,
        -0.0629514963880289,
        0.8040167566657793,
        18
      ]
    ],
    "smell_density_mean_to_change_intensity": [
      [
        0,
        0.7974025974025974,
        1.5001549621912602e-05,
        21
      ],
      [
        1,
        0.11127819548872178,
        0.6404548402871415,
        20
      ],
      [
        2,
        -0.02456140350877193,
        0.9204976475735005,
        19
      ],
      [
        3,
        0.18059855521155832,
        0.4732892668249995,
        18
      ]
    ],
    "smell_density_mean_to_bugfix_ratio": [
      [
        0,
        -0.10464743355316278,
        0.6516773956378645,
        21
      ],
      [
        1,
        -0.030861893966480074,
        0.897229644090652,
        20
      ],
      [
        2,
        0.10891533388133018,
        0.6571546201031685,
        19
      ],
      [
        3,
        0.27700291689571943,
        0.2657916241695683,
        18
      ]
    ],
    "total_smells_found_sum_to_complexity_delta": [
      [
        0,
        0.04287326365622987,
        0.8575677526859632,
        20
      ],
      [
        1,
        0.04287326365622987,
        0.8575677526859632,
        20
      ],
      [
        2,
        -0.04475647644551292,
        0.8556337874916743,
        19
      ],
      [
        3,
        -0.10738256464573293,
        0.6714866098414423,
        18
      ]
    ],
    "total_smells_found_sum_to_change_intensity": [
      [
        0,
        0.11302371495744243,
        0.6256966943103275,
        21
      ],
      [
        1,
        -0.22564875608542034,
        0.33878443746261144,
        20
      ],
      [
        2,
        -0.2852128400939549,
        0.23657263735419484,
        19
      ],
      [
        3,
        -0.11564276192617391,
        0.6477097903205695,
        18
      ]
    ],
    "total_smells_found_sum_to_bugfix_ratio": [
      [
        0,
        0.1196359160554908,
        0.60548310267568,
        21
      ],
      [
        1,
        0.28765068396252313,
        0.21877975599229324,
        20
      ],
      [
        2,
        0.5008789280051583,
        0.028930103137414377,
        19
      ],
      [
        3,
        0.6680458587610577,
        0.002444933069328802,
        18
      ]
    ]
  },
  "detectron2": {
    "smell_density_mean_to_complexity_delta": [
      [
        0,
        0.6453758473477064,
        0.0011804642566716843,
        22
      ],
      [
        1,
        0.6453758473477064,
        0.0011804642566716843,
        22
      ],
      [
        2,
        0.6344573863894046,
        0.0020070130046451404,
        21
      ],
      [
        3,
        0.7529809924132502,
        0.00012726376461406845,
        20
      ]
    ],
    "smell_density_mean_to_change_intensity": [
      [
        0,
        0.2887688815266844,
        0.18144000589834083,
        23
      ],
      [
        1,
        -0.01169956799704016,
        0.9587883367178947,
        22
      ],
      [
        2,
        0.19306246430622478,
        0.4017613052896165,
        21
      ],
      [
        3,
        0.31200678467886245,
        0.18050161624089295,
        20
      ]
    ],
    "smell_density_mean_to_bugfix_ratio": [
      [
        0,
        -0.3971553842386809,
        0.06058675024263915,
        23
      ],
      [
        1,
        -0.4902118990759828,
        0.02055287447499795,
        22
      ],
      [
        2,
        -0.4459141692885987,
        0.042759731459570065,
        21
      ],
      [
        3,
        -0.3337656638096424,
        0.1503886547509406,
        20
      ]
    ],
    "total_smells_found_sum_to_complexity_delta": [
      [
        0,
        0.7886962007848515,
        1.2948072992347381e-05,
        22
      ],
      [
        1,
        0.7886962007848515,
        1.2948072992347381e-05,
        22
      ],
      [
        2,
        0.7928019420567698,
        1.8212896676575267e-05,
        21
      ],
      [
        3,
        0.8470540754200268,
        2.4621803803691953e-06,
        20
      ]
    ],
    "total_smells_found_sum_to_change_intensity": [
      [
        0,
        0.339577546598593,
        0.11290674789612953,
        23
      ],
      [
        1,
        0.1373022360964296,
        0.5423191894479844,
        22
      ],
      [
        2,
        0.3189820626178845,
        0.15872089743379944,
        21
      ],
      [
        3,
        0.3464774925265378,
        0.13451545196146966,
        20
      ]
    ],
    "total_smells_found_sum_to_bugfix_ratio": [
      [
        0,
        -0.510266564738915,
        0.012857743334166895,
        23
      ],
      [
        1,
        -0.506759425763155,
        0.01608918409932189,
        22
      ],
      [
        2,
        -0.47613255468329935,
        0.02911728376180328,
        21
      ],
      [
        3,
        -0.28659249381824736,
        0.22055472854162286,
        20
      ]
    ]
  },
  "transformers": {
    "smell_density_mean_to_complexity_delta": [
      [
        0,
        -0.4297435897435897,
        0.02844471918031297,
        26
      ],
      [
        1,
        -0.4297435897435897,
        0.02844471918031297,
        26
      ],
      [
        2,
        -0.23923076923076922,
        0.24942972084315532,
        25
      ],
      [
        3,
        -0.2643478260869565,
        0.21193927878705082,
        24
      ]
    ],
    "smell_density_mean_to_change_intensity": [
      [
        0,
        -0.1978021978021978,
        0.32266681370880823,
        27
      ],
      [
        1,
        -0.47350427350427343,
        0.014551757727791648,
        26
      ],
      [
        2,
        -0.22538461538461538,
        0.27870069210212717,
        25
      ],
      [
        3,
        -0.2295652173913043,
        0.28054687940936796,
        24
      ]
    ],
    "smell_density_mean_to_bugfix_ratio": [
      [
        0,
        -0.7722832722832721,
        2.3693855952535814e-06,
        27
      ],
      [
        1,
        -0.8502564102564102,
        3.824067197745785e-08,
        26
      ],
      [
        2,
        -0.816923076923077,
        6.288362327910501e-07,
        25
      ],
      [
        3,
        -0.8034782608695652,
        2.2703633865898317e-06,
        24
      ]
    ],
    "total_smells_found_sum_to_complexity_delta": [
      [
        0,
        -0.3647863247863247,
        0.06690717959382968,
        26
      ],
      [
        1,
        -0.3647863247863247,
        0.06690717959382968,
        26
      ],
      [
        2,
        -0.2684615384615385,
        0.1944383348505003,
        25
      ],
      [
        3,
        -0.38260869565217387,
        0.06499969935694089,
        24
      ]
    ],
    "total_smells_found_sum_to_change_intensity": [
      [
        0,
        0.23870573870573872,
        0.2304933624673221,
        27
      ],
      [
        1,
        -0.18495726495726494,
        0.3656999708272938,
        26
      ],
      [
        2,
        -0.1276923076923077,
        0.5430063475050673,
        25
      ],
      [
        3,
        -0.10521739130434782,
        0.6246273816458914,
        24
      ]
    ],
    "total_smells_found_sum_to_bugfix_ratio": [
      [
        0,
        -0.40415140415140416,
        0.0365458158654563,
        27
      ],
      [
        1,
        -0.4988034188034188,
        0.00949091724757085,
        26
      ],
      [
        2,
        -0.5,
        0.010922496295950358,
        25
      ],
      [
        3,
        -0.3304347826086956,
        0.11478470741054946,
        24
      ]
    ]
  }
}