{
  "librosa": {
    "complexity": {
      "smell_density_mean_vs_complexity_delta": {
        "correlation": 0.1046385094876611,
        "p_value": 0.4742825047706012,
        "test": "Spearman",
        "n": 49,
        "significant": "False"
      },
      "smell_density_mean_vs_complexity_growth_rate": {
        "correlation": 0.38559959741260275,
        "p_value": 0.006215045113108586,
        "test": "Spearman",
        "n": 49,
        "significant": "True"
      },
      "smell_density_mean_vs_project_cyclomatic_complexity_last": {
        "correlation": -0.7954357930033482,
        "p_value": 5.17049199215867e-12,
        "test": "Spearman",
        "n": 50,
        "significant": "True"
      },
      "total_smells_found_sum_vs_complexity_delta": {
        "correlation": 0.1829003886385287,
        "p_value": 0.20843013787184517,
        "test": "Spearman",
        "n": 49,
        "significant": "False"
      },
      "total_smells_found_sum_vs_complexity_growth_rate": {
        "correlation": 0.40611104434713985,
        "p_value": 0.0037879436585918054,
        "test": "Spearman",
        "n": 49,
        "significant": "True"
      },
      "total_smells_found_sum_vs_project_cyclomatic_complexity_last": {
        "correlation": -0.7390414512125953,
        "p_value": 8.883690117285646e-10,
        "test": "Spearman",
        "n": 50,
        "significant": "True"
      },
      "smell_introduction_rate_vs_complexity_delta": {
        "correlation": 0.1591612771488321,
        "p_value": 0.27467982085939413,
        "test": "Spearman",
        "n": 49,
        "significant": "False"
      },
      "smell_introduction_rate_vs_complexity_growth_rate": {
        "correlation": 0.48155233060330144,
        "p_value": 0.00045992734689575204,
        "test": "Spearman",
        "n": 49,
        "significant": "True"
      },
      "smell_introduction_rate_vs_project_cyclomatic_complexity_last": {
        "correlation": -0.5984929691712899,
        "p_value": 4.418564487711729e-06,
        "test": "Spearman",
        "n": 50,
        "significant": "True"
      }
    },
    "changes": {
      "smell_density_mean_vs_change_intensity": {
        "correlation": -0.15045113720842787,
        "p_value": 0.2969978120307771,
        "test": "Spearman",
        "n": 50,
        "significant": "False"
      },
      "smell_density_mean_vs_files_changed_sum": {
        "correlation": 0.4899700274591331,
        "p_value": 0.0003042537501131216,
        "test": "Spearman",
        "n": 50,
        "significant": "True"
      },
      "smell_density_mean_vs_loc_churn": {
        "correlation": -0.019448464102491455,
        "p_value": 0.8933585290694146,
        "test": "Spearman",
        "n": 50,
        "significant": "False"
      },
      "total_smells_found_sum_vs_change_intensity": {
        "correlation": -0.1972723025129312,
        "p_value": 0.16969592114191603,
        "test": "Spearman",
        "n": 50,
        "significant": "False"
      },
      "total_smells_found_sum_vs_files_changed_sum": {
        "correlation": 0.7262735831858765,
        "p_value": 2.3807651838252213e-09,
        "test": "Spearman",
        "n": 50,
        "significant": "True"
      },
      "total_smells_found_sum_vs_loc_churn": {
        "correlation": 0.04131492303253741,
        "p_value": 0.7757413040821916,
        "test": "Spearman",
        "n": 50,
        "significant": "False"
      },
      "smell_introduction_rate_vs_change_intensity": {
        "correlation": -0.34835627527279384,
        "p_value": 0.013169767306389494,
        "test": "Spearman",
        "n": 50,
        "significant": "True"
      },
      "smell_introduction_rate_vs_files_changed_sum": {
        "correlation": 0.35790343247730816,
        "p_value": 0.010713753236636439,
        "test": "Spearman",
        "n": 50,
        "significant": "True"
      },
      "smell_introduction_rate_vs_loc_churn": {
        "correlation": 0.05782476223612989,
        "p_value": 0.6899852750927258,
        "test": "Spearman",
        "n": 50,
        "significant": "False"
      }
    },
    "bugfixes": {
      "smell_density_mean_vs_bugfix_ratio": {
        "correlation": -0.6385983261957966,
        "p_value": 6.040831295921148e-07,
        "test": "Spearman",
        "n": 50,
        "significant": "True"
      },
      "smell_density_mean_vs_bugfix_commits": {
        "correlation": 0.26684580750266895,
        "p_value": 0.06102886969751777,
        "test": "Spearman",
        "n": 50,
        "significant": "False"
      },
      "total_smells_found_sum_vs_bugfix_ratio": {
        "correlation": -0.7300142221733662,
        "p_value": 1.793834804371938e-09,
        "test": "Spearman",
        "n": 50,
        "significant": "True"
      },
      "total_smells_found_sum_vs_bugfix_commits": {
        "correlation": 0.5504746585736457,
        "p_value": 3.4468961946759155e-05,
        "test": "Spearman",
        "n": 50,
        "significant": "True"
      },
      "smell_introduction_rate_vs_bugfix_ratio": {
        "correlation": -0.5934663633169102,
        "p_value": 5.564696229400818e-06,
        "test": "Spearman",
        "n": 50,
        "significant": "True"
      },
      "smell_introduction_rate_vs_bugfix_commits": {
        "correlation": 0.16130534727748158,
        "p_value": 0.26309763681403847,
        "test": "Spearman",
        "n": 50,
        "significant": "False"
      }
    }
  },
  "gensim": {
    "complexity": {
      "smell_density_mean_vs_complexity_delta": {
        "correlation": 0.14387657191081415,
        "p_value": 0.2812584260783587,
        "test": "Spearman",
        "n": 58,
        "significant": "False"
      },
      "smell_density_mean_vs_complexity_growth_rate": {
        "correlation": 0.12121560085468487,
        "p_value": 0.3647225316646244,
        "test": "Spearman",
        "n": 58,
        "significant": "False"
      },
      "smell_density_mean_vs_project_cyclomatic_complexity_last": {
        "correlation": -0.22311919075107037,
        "p_value": 0.08938917764923701,
        "test": "Spearman",
        "n": 59,
        "significant": "False"
      },
      "total_smells_found_sum_vs_complexity_delta": {
        "correlation": 0.26123503000237863,
        "p_value": 0.047620449157165144,
        "test": "Spearman",
        "n": 58,
        "significant": "True"
      },
      "total_smells_found_sum_vs_complexity_growth_rate": {
        "correlation": 0.21373258030598002,
        "p_value": 0.10718375900244433,
        "test": "Spearman",
        "n": 58,
        "significant": "False"
      },
      "total_smells_found_sum_vs_project_cyclomatic_complexity_last": {
        "correlation": -0.05187375699229166,
        "p_value": 0.6963979074986544,
        "test": "Spearman",
        "n": 59,
        "significant": "False"
      },
      "smell_introduction_rate_vs_complexity_delta": {
        "correlation": NaN,
        "p_value": NaN,
        "test": "Spearman",
        "n": 58,
        "significant": false
      },
      "smell_introduction_rate_vs_complexity_growth_rate": {
        "correlation": NaN,
        "p_value": NaN,
        "test": "Spearman",
        "n": 58,
        "significant": false
      },
      "smell_introduction_rate_vs_project_cyclomatic_complexity_last": {
        "correlation": NaN,
        "p_value": NaN,
        "test": "Spearman",
        "n": 59,
        "significant": false
      }
    },
    "changes": {
      "smell_density_mean_vs_change_intensity": {
        "correlation": 0.04151478852048396,
        "p_value": 0.7548938904654254,
        "test": "Spearman",
        "n": 59,
        "significant": "False"
      },
      "smell_density_mean_vs_files_changed_sum": {
        "correlation": 0.19471456691904473,
        "p_value": 0.13945705743491824,
        "test": "Spearman",
        "n": 59,
        "significant": "False"
      },
      "smell_density_mean_vs_loc_churn": {
        "correlation": -0.08238096193873218,
        "p_value": 0.5350623318579858,
        "test": "Spearman",
        "n": 59,
        "significant": "False"
      },
      "total_smells_found_sum_vs_change_intensity": {
        "correlation": 0.237708651670919,
        "p_value": 0.06984871884459716,
        "test": "Spearman",
        "n": 59,
        "significant": "False"
      },
      "total_smells_found_sum_vs_files_changed_sum": {
        "correlation": 0.6646519374947366,
        "p_value": 9.440333856392652e-09,
        "test": "Spearman",
        "n": 59,
        "significant": "True"
      },
      "total_smells_found_sum_vs_loc_churn": {
        "correlation": 0.13521984077854313,
        "p_value": 0.3071977959498167,
        "test": "Spearman",
        "n": 59,
        "significant": "False"
      },
      "smell_introduction_rate_vs_change_intensity": {
        "correlation": NaN,
        "p_value": NaN,
        "test": "Spearman",
        "n": 59,
        "significant": false
      },
      "smell_introduction_rate_vs_files_changed_sum": {
        "correlation": NaN,
        "p_value": NaN,
        "test": "Spearman",
        "n": 59,
        "significant": false
      },
      "smell_introduction_rate_vs_loc_churn": {
        "correlation": NaN,
        "p_value": NaN,
        "test": "Spearman",
        "n": 59,
        "significant": false
      }
    },
    "bugfixes": {
      "smell_density_mean_vs_bugfix_ratio": {
        "correlation": 0.013898727538670195,
        "p_value": 0.9167892773757025,
        "test": "Spearman",
        "n": 59,
        "significant": "False"
      },
      "smell_density_mean_vs_bugfix_commits": {
        "correlation": 0.13219064046549206,
        "p_value": 0.3182604947650018,
        "test": "Spearman",
        "n": 59,
        "significant": "False"
      },
      "total_smells_found_sum_vs_bugfix_ratio": {
        "correlation": 0.2079710789010177,
        "p_value": 0.11396645417841592,
        "test": "Spearman",
        "n": 59,
        "significant": "False"
      },
      "total_smells_found_sum_vs_bugfix_commits": {
        "correlation": 0.5115616780109116,
        "p_value": 3.460409156608276e-05,
        "test": "Spearman",
        "n": 59,
        "significant": "True"
      },
      "smell_introduction_rate_vs_bugfix_ratio": {
        "correlation": NaN,
        "p_value": NaN,
        "test": "Spearman",
        "n": 59,
        "significant": false
      },
      "smell_introduction_rate_vs_bugfix_commits": {
        "correlation": NaN,
        "p_value": NaN,
        "test": "Spearman",
        "n": 59,
        "significant": false
      }
    }
  },
  "scikit-learn": {
    "complexity": {
      "smell_density_mean_vs_complexity_delta": {
        "correlation": 0.1893178212585933,
        "p_value": 0.14393827201962617,
        "test": "Spearman",
        "n": 61,
        "significant": "False"
      },
      "smell_density_mean_vs_complexity_growth_rate": {
        "correlation": 0.5384452670544685,
        "p_value": 7.6038694798501535e-06,
        "test": "Spearman",
        "n": 61,
        "significant": "True"
      },
      "smell_density_mean_vs_project_cyclomatic_complexity_last": {
        "correlation": -0.873435572007756,
        "p_value": 2.0710249440946206e-20,
        "test": "Spearman",
        "n": 62,
        "significant": "True"
      },
      "total_smells_found_sum_vs_complexity_delta": {
        "correlation": 0.3621147820885218,
        "p_value": 0.004134471732283729,
        "test": "Spearman",
        "n": 61,
        "significant": "True"
      },
      "total_smells_found_sum_vs_complexity_growth_rate": {
        "correlation": 0.6151588466805009,
        "p_value": 1.3268545587479388e-07,
        "test": "Spearman",
        "n": 61,
        "significant": "True"
      },
      "total_smells_found_sum_vs_project_cyclomatic_complexity_last": {
        "correlation": -0.5753893806880095,
        "p_value": 9.983307610467e-07,
        "test": "Spearman",
        "n": 62,
        "significant": "True"
      },
      "smell_introduction_rate_vs_complexity_delta": {
        "correlation": -0.13091130238191104,
        "p_value": 0.3145918114898578,
        "test": "Spearman",
        "n": 61,
        "significant": "False"
      },
      "smell_introduction_rate_vs_complexity_growth_rate": {
        "correlation": -0.07580745383335466,
        "p_value": 0.5614676413362317,
        "test": "Spearman",
        "n": 61,
        "significant": "False"
      },
      "smell_introduction_rate_vs_project_cyclomatic_complexity_last": {
        "correlation": -0.11440299166115048,
        "p_value": 0.37594660134670366,
        "test": "Spearman",
        "n": 62,
        "significant": "False"
      }
    },
    "changes": {
      "smell_density_mean_vs_change_intensity": {
        "correlation": 0.7155951751403894,
        "p_value": 6.316803723435329e-11,
        "test": "Spearman",
        "n": 62,
        "significant": "True"
      },
      "smell_density_mean_vs_files_changed_sum": {
        "correlation": 0.7667493484698897,
        "p_value": 3.728659887376538e-13,
        "test": "Spearman",
        "n": 62,
        "significant": "True"
      },
      "smell_density_mean_vs_loc_churn": {
        "correlation": 0.7438996751529803,
        "p_value": 4.285519057917174e-12,
        "test": "Spearman",
        "n": 62,
        "significant": "True"
      },
      "total_smells_found_sum_vs_change_intensity": {
        "correlation": 0.7488447640386598,
        "p_value": 2.5830886435259066e-12,
        "test": "Spearman",
        "n": 62,
        "significant": "True"
      },
      "total_smells_found_sum_vs_files_changed_sum": {
        "correlation": 0.9331906320825986,
        "p_value": 2.3627238969381997e-28,
        "test": "Spearman",
        "n": 62,
        "significant": "True"
      },
      "total_smells_found_sum_vs_loc_churn": {
        "correlation": 0.5625212475735811,
        "p_value": 1.9515164021911447e-06,
        "test": "Spearman",
        "n": 62,
        "significant": "True"
      },
      "smell_introduction_rate_vs_change_intensity": {
        "correlation": -0.09753087974986478,
        "p_value": 0.450770722534105,
        "test": "Spearman",
        "n": 62,
        "significant": "False"
      },
      "smell_introduction_rate_vs_files_changed_sum": {
        "correlation": -0.13971291866028704,
        "p_value": 0.27879290442700794,
        "test": "Spearman",
        "n": 62,
        "significant": "False"
      },
      "smell_introduction_rate_vs_loc_churn": {
        "correlation": 0.18350310372766968,
        "p_value": 0.15339127992022014,
        "test": "Spearman",
        "n": 62,
        "significant": "False"
      }
    },
    "bugfixes": {
      "smell_density_mean_vs_bugfix_ratio": {
        "correlation": 0.012263604542821887,
        "p_value": 0.9246309056238657,
        "test": "Spearman",
        "n": 62,
        "significant": "False"
      },
      "smell_density_mean_vs_bugfix_commits": {
        "correlation": 0.5783469342586504,
        "p_value": 8.523246755895467e-07,
        "test": "Spearman",
        "n": 62,
        "significant": "True"
      },
      "total_smells_found_sum_vs_bugfix_ratio": {
        "correlation": -0.07297817958045653,
        "p_value": 0.572965843165375,
        "test": "Spearman",
        "n": 62,
        "significant": "False"
      },
      "total_smells_found_sum_vs_bugfix_commits": {
        "correlation": 0.7497827881132852,
        "p_value": 2.3434723046604927e-12,
        "test": "Spearman",
        "n": 62,
        "significant": "True"
      },
      "smell_introduction_rate_vs_bugfix_ratio": {
        "correlation": -0.157666108472477,
        "p_value": 0.22100084382820998,
        "test": "Spearman",
        "n": 62,
        "significant": "False"
      },
      "smell_introduction_rate_vs_bugfix_commits": {
        "correlation": -0.1681924073093704,
        "p_value": 0.19130517175384054,
        "test": "Spearman",
        "n": 62,
        "significant": "False"
      }
    }
  },
  "pytorch-lightning": {
    "complexity": {
      "smell_density_mean_vs_complexity_delta": {
        "correlation": -0.42923076923076925,
        "p_value": 0.03226015868478607,
        "test": "Spearman",
        "n": 25,
        "significant": "True"
      },
      "smell_density_mean_vs_complexity_growth_rate": {
        "correlation": 0.18384615384615385,
        "p_value": 0.3790206919993311,
        "test": "Spearman",
        "n": 25,
        "significant": "False"
      },
      "smell_density_mean_vs_project_cyclomatic_complexity_last": {
        "correlation": -0.481025641025641,
        "p_value": 0.012857018509186312,
        "test": "Spearman",
        "n": 26,
        "significant": "True"
      },
      "total_smells_found_sum_vs_complexity_delta": {
        "correlation": 0.08232352527740838,
        "p_value": 0.695642376330222,
        "test": "Spearman",
        "n": 25,
        "significant": "False"
      },
      "total_smells_found_sum_vs_complexity_growth_rate": {
        "correlation": 0.27966917232091537,
        "p_value": 0.17575029567104833,
        "test": "Spearman",
        "n": 25,
        "significant": "False"
      },
      "total_smells_found_sum_vs_project_cyclomatic_complexity_last": {
        "correlation": 0.009916225140654045,
        "p_value": 0.9616546328972538,
        "test": "Spearman",
        "n": 26,
        "significant": "False"
      },
      "smell_introduction_rate_vs_complexity_delta": {
        "correlation": -0.12810156036157472,
        "p_value": 0.5417035789828879,
        "test": "Spearman",
        "n": 25,
        "significant": "False"
      },
      "smell_introduction_rate_vs_complexity_growth_rate": {
        "correlation": 0.12002308358201597,
        "p_value": 0.5676850914522273,
        "test": "Spearman",
        "n": 25,
        "significant": "False"
      },
      "smell_introduction_rate_vs_project_cyclomatic_complexity_last": {
        "correlation": -0.1036074557799371,
        "p_value": 0.6144909838404002,
        "test": "Spearman",
        "n": 26,
        "significant": "False"
      }
    },
    "changes": {
      "smell_density_mean_vs_change_intensity": {
        "correlation": 0.04752136752136752,
        "p_value": 0.8176837503952754,
        "test": "Spearman",
        "n": 26,
        "significant": "False"
      },
      "smell_density_mean_vs_files_changed_sum": {
        "correlation": -0.44820512820512814,
        "p_value": 0.021655526829023733,
        "test": "Spearman",
        "n": 26,
        "significant": "True"
      },
      "smell_density_mean_vs_loc_churn": {
        "correlation": -0.14940170940170938,
        "p_value": 0.46634449815034795,
        "test": "Spearman",
        "n": 26,
        "significant": "False"
      },
      "total_smells_found_sum_vs_change_intensity": {
        "correlation": -0.05094888089508458,
        "p_value": 0.8047744343604677,
        "test": "Spearman",
        "n": 26,
        "significant": "False"
      },
      "total_smells_found_sum_vs_files_changed_sum": {
        "correlation": 0.5471020767257404,
        "p_value": 0.003822611000629726,
        "test": "Spearman",
        "n": 26,
        "significant": "True"
      },
      "total_smells_found_sum_vs_loc_churn": {
        "correlation": -0.04923918690531664,
        "p_value": 0.8112077851900712,
        "test": "Spearman",
        "n": 26,
        "significant": "False"
      },
      "smell_introduction_rate_vs_change_intensity": {
        "correlation": 0.0013677551918143513,
        "p_value": 0.9947091130664424,
        "test": "Spearman",
        "n": 26,
        "significant": "False"
      },
      "smell_introduction_rate_vs_files_changed_sum": {
        "correlation": -0.17507266455223697,
        "p_value": 0.39231315186535043,
        "test": "Spearman",
        "n": 26,
        "significant": "False"
      },
      "smell_introduction_rate_vs_loc_churn": {
        "correlation": 0.21713113670052828,
        "p_value": 0.28665799263413116,
        "test": "Spearman",
        "n": 26,
        "significant": "False"
      }
    },
    "bugfixes": {
      "smell_density_mean_vs_bugfix_ratio": {
        "correlation": -0.06666666666666665,
        "p_value": 0.7462587084883725,
        "test": "Spearman",
        "n": 26,
        "significant": "False"
      },
      "smell_density_mean_vs_bugfix_commits": {
        "correlation": -0.3463247863247863,
        "p_value": 0.08306623085875982,
        "test": "Spearman",
        "n": 26,
        "significant": "False"
      },
      "total_smells_found_sum_vs_bugfix_ratio": {
        "correlation": -0.18156950171335515,
        "p_value": 0.3746997669135278,
        "test": "Spearman",
        "n": 26,
        "significant": "False"
      },
      "total_smells_found_sum_vs_bugfix_commits": {
        "correlation": 0.4222944154726809,
        "p_value": 0.03162873348710794,
        "test": "Spearman",
        "n": 26,
        "significant": "True"
      },
      "smell_introduction_rate_vs_bugfix_ratio": {
        "correlation": -0.2157633815087139,
        "p_value": 0.2897790959707396,
        "test": "Spearman",
        "n": 26,
        "significant": "False"
      },
      "smell_introduction_rate_vs_bugfix_commits": {
        "correlation": -0.2263634842452751,
        "p_value": 0.26614832154827894,
        "test": "Spearman",
        "n": 26,
        "significant": "False"
      }
    }
  },
  "yolov5": {
    "complexity": {
      "smell_density_mean_vs_complexity_delta": {
        "correlation": -0.30075187969924805,
        "p_value": 0.19757966317255538,
        "test": "Spearman",
        "n": 20,
        "significant": "False"
      },
      "smell_density_mean_vs_complexity_growth_rate": {
        "correlation": -0.35187969924812035,
        "p_value": 0.1281419520870412,
        "test": "Spearman",
        "n": 20,
        "significant": "False"
      },
      "smell_density_mean_vs_project_cyclomatic_complexity_last": {
        "correlation": 0.5696655058487184,
        "p_value": 0.007022755393355599,
        "test": "Spearman",
        "n": 21,
        "significant": "True"
      },
      "total_smells_found_sum_vs_complexity_delta": {
        "correlation": 0.5235051141181752,
        "p_value": 0.01784273465285618,
        "test": "Spearman",
        "n": 20,
        "significant": "True"
      },
      "total_smells_found_sum_vs_complexity_growth_rate": {
        "correlation": 0.48138401298223005,
        "p_value": 0.03163763691457064,
        "test": "Spearman",
        "n": 20,
        "significant": "True"
      },
      "total_smells_found_sum_vs_project_cyclomatic_complexity_last": {
        "correlation": -0.11825860948667964,
        "p_value": 0.6096713583955566,
        "test": "Spearman",
        "n": 21,
        "significant": "False"
      },
      "smell_introduction_rate_vs_complexity_delta": {
        "correlation": 0.5249956724573309,
        "p_value": 0.017462213884045626,
        "test": "Spearman",
        "n": 20,
        "significant": "True"
      },
      "smell_introduction_rate_vs_complexity_growth_rate": {
        "correlation": 0.4871581465144602,
        "p_value": 0.029364877181624022,
        "test": "Spearman",
        "n": 20,
        "significant": "True"
      },
      "smell_introduction_rate_vs_project_cyclomatic_complexity_last": {
        "correlation": -0.16429609527627698,
        "p_value": 0.47667805175333244,
        "test": "Spearman",
        "n": 21,
        "significant": "False"
      }
    },
    "changes": {
      "smell_density_mean_vs_change_intensity": {
        "correlation": 0.7974025974025974,
        "p_value": 1.5001549621912602e-05,
        "test": "Spearman",
        "n": 21,
        "significant": "True"
      },
      "smell_density_mean_vs_files_changed_sum": {
        "correlation": -0.3775179484408177,
        "p_value": 0.09157147788369008,
        "test": "Spearman",
        "n": 21,
        "significant": "False"
      },
      "smell_density_mean_vs_loc_churn": {
        "correlation": 0.4896103896103896,
        "p_value": 0.024270522021007414,
        "test": "Spearman",
        "n": 21,
        "significant": "True"
      },
      "total_smells_found_sum_vs_change_intensity": {
        "correlation": 0.11302371495744243,
        "p_value": 0.6256966943103275,
        "test": "Spearman",
        "n": 21,
        "significant": "False"
      },
      "total_smells_found_sum_vs_files_changed_sum": {
        "correlation": 0.5238869304938253,
        "p_value": 0.01478507698075334,
        "test": "Spearman",
        "n": 21,
        "significant": "True"
      },
      "total_smells_found_sum_vs_loc_churn": {
        "correlation": 0.09678467545206276,
        "p_value": 0.6764246456173111,
        "test": "Spearman",
        "n": 21,
        "significant": "False"
      },
      "smell_introduction_rate_vs_change_intensity": {
        "correlation": 0.17386365758424452,
        "p_value": 0.45101433075535713,
        "test": "Spearman",
        "n": 21,
        "significant": "False"
      },
      "smell_introduction_rate_vs_files_changed_sum": {
        "correlation": 0.45419599996447924,
        "p_value": 0.03860744646459869,
        "test": "Spearman",
        "n": 21,
        "significant": "True"
      },
      "smell_introduction_rate_vs_loc_churn": {
        "correlation": 0.18829502837186954,
        "p_value": 0.4137058323096434,
        "test": "Spearman",
        "n": 21,
        "significant": "False"
      }
    },
    "bugfixes": {
      "smell_density_mean_vs_bugfix_ratio": {
        "correlation": -0.10464743355316278,
        "p_value": 0.6516773956378645,
        "test": "Spearman",
        "n": 21,
        "significant": "False"
      },
      "smell_density_mean_vs_bugfix_commits": {
        "correlation": -0.549057945666938,
        "p_value": 0.009943448776137901,
        "test": "Spearman",
        "n": 21,
        "significant": "True"
      },
      "total_smells_found_sum_vs_bugfix_ratio": {
        "correlation": 0.1196359160554908,
        "p_value": 0.60548310267568,
        "test": "Spearman",
        "n": 21,
        "significant": "False"
      },
      "total_smells_found_sum_vs_bugfix_commits": {
        "correlation": 0.6109847576478854,
        "p_value": 0.0032579028796845422,
        "test": "Spearman",
        "n": 21,
        "significant": "True"
      },
      "smell_introduction_rate_vs_bugfix_ratio": {
        "correlation": -0.04539997907703466,
        "p_value": 0.8450723816642243,
        "test": "Spearman",
        "n": 21,
        "significant": "False"
      },
      "smell_introduction_rate_vs_bugfix_commits": {
        "correlation": 0.42840894470533025,
        "p_value": 0.05267098324742788,
        "test": "Spearman",
        "n": 21,
        "significant": "False"
      }
    }
  },
  "detectron2": {
    "complexity": {
      "smell_density_mean_vs_complexity_delta": {
        "correlation": 0.5857724869181747,
        "p_value": 0.004176930860005868,
        "test": "Spearman",
        "n": 22,
        "significant": "True"
      },
      "smell_density_mean_vs_complexity_growth_rate": {
        "correlation": 0.5851102227302605,
        "p_value": 0.0042303487743507945,
        "test": "Spearman",
        "n": 22,
        "significant": "True"
      },
      "smell_density_mean_vs_project_cyclomatic_complexity_last": {
        "correlation": -0.6899474719092773,
        "p_value": 0.00026958484904139574,
        "test": "Spearman",
        "n": 23,
        "significant": "True"
      },
      "total_smells_found_sum_vs_complexity_delta": {
        "correlation": 0.764326395284285,
        "p_value": 3.455216419281145e-05,
        "test": "Spearman",
        "n": 22,
        "significant": "True"
      },
      "total_smells_found_sum_vs_complexity_growth_rate": {
        "correlation": 0.7634622611523842,
        "p_value": 3.569987680685555e-05,
        "test": "Spearman",
        "n": 22,
        "significant": "True"
      },
      "total_smells_found_sum_vs_project_cyclomatic_complexity_last": {
        "correlation": -0.823751117428891,
        "p_value": 1.367009688714308e-06,
        "test": "Spearman",
        "n": 23,
        "significant": "True"
      },
      "smell_introduction_rate_vs_complexity_delta": {
        "correlation": 0.7322906373393959,
        "p_value": 0.0001067567835890315,
        "test": "Spearman",
        "n": 22,
        "significant": "True"
      },
      "smell_introduction_rate_vs_complexity_growth_rate": {
        "correlation": 0.731462722278369,
        "p_value": 0.00010968556383576901,
        "test": "Spearman",
        "n": 22,
        "significant": "True"
      },
      "smell_introduction_rate_vs_project_cyclomatic_complexity_last": {
        "correlation": -0.7669157664310156,
        "p_value": 1.964066339407483e-05,
        "test": "Spearman",
        "n": 23,
        "significant": "True"
      }
    },
    "changes": {
      "smell_density_mean_vs_change_intensity": {
        "correlation": 0.2887688815266844,
        "p_value": 0.18144000589834083,
        "test": "Spearman",
        "n": 23,
        "significant": "False"
      },
      "smell_density_mean_vs_files_changed_sum": {
        "correlation": 0.722141348530437,
        "p_value": 9.998565000621935e-05,
        "test": "Spearman",
        "n": 23,
        "significant": "True"
      },
      "smell_density_mean_vs_loc_churn": {
        "correlation": 0.534090442575082,
        "p_value": 0.008662278601559244,
        "test": "Spearman",
        "n": 23,
        "significant": "True"
      },
      "total_smells_found_sum_vs_change_intensity": {
        "correlation": 0.339577546598593,
        "p_value": 0.11290674789612953,
        "test": "Spearman",
        "n": 23,
        "significant": "False"
      },
      "total_smells_found_sum_vs_files_changed_sum": {
        "correlation": 0.8659255647923482,
        "p_value": 9.410221376667233e-08,
        "test": "Spearman",
        "n": 23,
        "significant": "True"
      },
      "total_smells_found_sum_vs_loc_churn": {
        "correlation": 0.6263606220055957,
        "p_value": 0.0013856678086863802,
        "test": "Spearman",
        "n": 23,
        "significant": "True"
      },
      "smell_introduction_rate_vs_change_intensity": {
        "correlation": 0.2392435255596956,
        "p_value": 0.2715717257911945,
        "test": "Spearman",
        "n": 23,
        "significant": "False"
      },
      "smell_introduction_rate_vs_files_changed_sum": {
        "correlation": 0.7587050440357336,
        "p_value": 2.7154804682168115e-05,
        "test": "Spearman",
        "n": 23,
        "significant": "True"
      },
      "smell_introduction_rate_vs_loc_churn": {
        "correlation": 0.596042449913856,
        "p_value": 0.002687275082190122,
        "test": "Spearman",
        "n": 23,
        "significant": "True"
      }
    },
    "bugfixes": {
      "smell_density_mean_vs_bugfix_ratio": {
        "correlation": -0.3971553842386809,
        "p_value": 0.06058675024263915,
        "test": "Spearman",
        "n": 23,
        "significant": "False"
      },
      "smell_density_mean_vs_bugfix_commits": {
        "correlation": 0.6907248514374889,
        "p_value": 0.00026359074474524135,
        "test": "Spearman",
        "n": 23,
        "significant": "True"
      },
      "total_smells_found_sum_vs_bugfix_ratio": {
        "correlation": -0.510266564738915,
        "p_value": 0.012857743334166895,
        "test": "Spearman",
        "n": 23,
        "significant": "True"
      },
      "total_smells_found_sum_vs_bugfix_commits": {
        "correlation": 0.8298490804415465,
        "p_value": 9.718472658419546e-07,
        "test": "Spearman",
        "n": 23,
        "significant": "True"
      },
      "smell_introduction_rate_vs_bugfix_ratio": {
        "correlation": -0.3928658944314147,
        "p_value": 0.06367984432553794,
        "test": "Spearman",
        "n": 23,
        "significant": "False"
      },
      "smell_introduction_rate_vs_bugfix_commits": {
        "correlation": 0.7625087766501529,
        "p_value": 2.3407593919342087e-05,
        "test": "Spearman",
        "n": 23,
        "significant": "True"
      }
    }
  },
  "transformers": {
    "complexity": {
      "smell_density_mean_vs_complexity_delta": {
        "correlation": -0.4352136752136752,
        "p_value": 0.026275297193493776,
        "test": "Spearman",
        "n": 26,
        "significant": "True"
      },
      "smell_density_mean_vs_complexity_growth_rate": {
        "correlation": 0.8023931623931623,
        "p_value": 8.201923366389123e-07,
        "test": "Spearman",
        "n": 26,
        "significant": "True"
      },
      "smell_density_mean_vs_project_cyclomatic_complexity_last": {
        "correlation": -0.8644688644688645,
        "p_value": 6.151996422460433e-09,
        "test": "Spearman",
        "n": 27,
        "significant": "True"
      },
      "total_smells_found_sum_vs_complexity_delta": {
        "correlation": -0.30735042735042734,
        "p_value": 0.12667317044596432,
        "test": "Spearman",
        "n": 26,
        "significant": "False"
      },
      "total_smells_found_sum_vs_complexity_growth_rate": {
        "correlation": 0.17675213675213672,
        "p_value": 0.3877155926568773,
        "test": "Spearman",
        "n": 26,
        "significant": "False"
      },
      "total_smells_found_sum_vs_project_cyclomatic_complexity_last": {
        "correlation": -0.22466422466422467,
        "p_value": 0.2599001049430713,
        "test": "Spearman",
        "n": 27,
        "significant": "False"
      },
      "smell_introduction_rate_vs_complexity_delta": {
        "correlation": -0.21094017094017092,
        "p_value": 0.3009554236037242,
        "test": "Spearman",
        "n": 26,
        "significant": "False"
      },
      "smell_introduction_rate_vs_complexity_growth_rate": {
        "correlation": 0.3846153846153845,
        "p_value": 0.052369535324279216,
        "test": "Spearman",
        "n": 26,
        "significant": "False"
      },
      "smell_introduction_rate_vs_project_cyclomatic_complexity_last": {
        "correlation": -0.5286935286935286,
        "p_value": 0.004580474338686212,
        "test": "Spearman",
        "n": 27,
        "significant": "True"
      }
    },
    "changes": {
      "smell_density_mean_vs_change_intensity": {
        "correlation": -0.1978021978021978,
        "p_value": 0.32266681370880823,
        "test": "Spearman",
        "n": 27,
        "significant": "False"
      },
      "smell_density_mean_vs_files_changed_sum": {
        "correlation": 0.05372405372405373,
        "p_value": 0.7901306090134299,
        "test": "Spearman",
        "n": 27,
        "significant": "False"
      },
      "smell_density_mean_vs_loc_churn": {
        "correlation": 0.07326007326007326,
        "p_value": 0.7164956295371385,
        "test": "Spearman",
        "n": 27,
        "significant": "False"
      },
      "total_smells_found_sum_vs_change_intensity": {
        "correlation": 0.23870573870573872,
        "p_value": 0.2304933624673221,
        "test": "Spearman",
        "n": 27,
        "significant": "False"
      },
      "total_smells_found_sum_vs_files_changed_sum": {
        "correlation": 0.3571428571428571,
        "p_value": 0.06742904400568388,
        "test": "Spearman",
        "n": 27,
        "significant": "False"
      },
      "total_smells_found_sum_vs_loc_churn": {
        "correlation": 0.10927960927960927,
        "p_value": 0.5874094722042709,
        "test": "Spearman",
        "n": 27,
        "significant": "False"
      },
      "smell_introduction_rate_vs_change_intensity": {
        "correlation": -0.15445665445665446,
        "p_value": 0.4417527030638726,
        "test": "Spearman",
        "n": 27,
        "significant": "False"
      },
      "smell_introduction_rate_vs_files_changed_sum": {
        "correlation": 0.026862026862026864,
        "p_value": 0.8941948368835395,
        "test": "Spearman",
        "n": 27,
        "significant": "False"
      },
      "smell_introduction_rate_vs_loc_churn": {
        "correlation": 0.1623931623931624,
        "p_value": 0.41835171898812185,
        "test": "Spearman",
        "n": 27,
        "significant": "False"
      }
    },
    "bugfixes": {
      "smell_density_mean_vs_bugfix_ratio": {
        "correlation": -0.7722832722832721,
        "p_value": 2.3693855952535814e-06,
        "test": "Spearman",
        "n": 27,
        "significant": "True"
      },
      "smell_density_mean_vs_bugfix_commits": {
        "correlation": -0.2264957264957265,
        "p_value": 0.2559324355985912,
        "test": "Spearman",
        "n": 27,
        "significant": "False"
      },
      "total_smells_found_sum_vs_bugfix_ratio": {
        "correlation": -0.40415140415140416,
        "p_value": 0.0365458158654563,
        "test": "Spearman",
        "n": 27,
        "significant": "True"
      },
      "total_smells_found_sum_vs_bugfix_commits": {
        "correlation": -0.12393162393162394,
        "p_value": 0.5379752912344229,
        "test": "Spearman",
        "n": 27,
        "significant": "False"
      },
      "smell_introduction_rate_vs_bugfix_ratio": {
        "correlation": -0.3241758241758242,
        "p_value": 0.09901329918483762,
        "test": "Spearman",
        "n": 27,
        "significant": "False"
      },
      "smell_introduction_rate_vs_bugfix_commits": {
        "correlation": -0.11904761904761904,
        "p_value": 0.5542334831984879,
        "test": "Spearman",
        "n": 27,
        "significant": "False"
      }
    }
  }
}